index,relative_path,true_label,model_1_prediction,model_2_prediction,model_3_prediction,tmr_prediction,num_votes_for_0,num_votes_for_1
0,colon_aca/colonca1000.jpeg,0,0,0,0,0,3,0
1,colon_aca/colonca1001.jpeg,0,0,0,0,0,3,0
2,colon_aca/colonca101.jpeg,0,0,0,0,0,3,0
3,colon_aca/colonca1013.jpeg,0,0,0,0,0,3,0
4,colon_aca/colonca1021.jpeg,0,0,0,0,0,3,0
5,colon_aca/colonca1024.jpeg,0,0,0,0,0,3,0
6,colon_aca/colonca1039.jpeg,0,0,0,0,0,3,0
7,colon_aca/colonca1046.jpeg,0,0,1,0,0,2,1
8,colon_aca/colonca1050.jpeg,0,0,0,0,0,3,0
9,colon_aca/colonca1056.jpeg,0,0,0,0,0,3,0
10,colon_aca/colonca1067.jpeg,0,0,0,0,0,3,0
11,colon_aca/colonca107.jpeg,0,0,0,0,0,3,0
12,colon_aca/colonca1083.jpeg,0,0,0,0,0,3,0
13,colon_aca/colonca1106.jpeg,0,0,0,0,0,3,0
14,colon_aca/colonca1141.jpeg,0,0,0,0,0,3,0
15,colon_aca/colonca1153.jpeg,0,0,1,0,0,2,1
16,colon_aca/colonca1172.jpeg,0,0,0,0,0,3,0
17,colon_aca/colonca1179.jpeg,0,0,1,0,0,2,1
18,colon_aca/colonca1181.jpeg,0,0,0,0,0,3,0
19,colon_aca/colonca1182.jpeg,0,0,0,0,0,3,0
20,colon_aca/colonca1194.jpeg,0,0,1,0,0,2,1
21,colon_aca/colonca1201.jpeg,0,0,0,0,0,3,0
22,colon_aca/colonca1218.jpeg,0,0,0,0,0,3,0
23,colon_aca/colonca123.jpeg,0,0,1,0,0,2,1
24,colon_aca/colonca1232.jpeg,0,0,0,0,0,3,0
25,colon_aca/colonca1234.jpeg,0,0,0,0,0,3,0
26,colon_aca/colonca1264.jpeg,0,0,0,0,0,3,0
27,colon_aca/colonca1280.jpeg,0,0,1,0,0,2,1
28,colon_aca/colonca1284.jpeg,0,0,1,0,0,2,1
29,colon_aca/colonca1291.jpeg,0,0,1,0,0,2,1
30,colon_aca/colonca1292.jpeg,0,0,1,0,0,2,1
31,colon_aca/colonca1306.jpeg,0,0,0,0,0,3,0
32,colon_aca/colonca1318.jpeg,0,0,0,0,0,3,0
33,colon_aca/colonca1323.jpeg,0,0,1,0,0,2,1
34,colon_aca/colonca1325.jpeg,0,0,1,0,0,2,1
35,colon_aca/colonca1336.jpeg,0,0,0,0,0,3,0
36,colon_aca/colonca1339.jpeg,0,0,1,0,0,2,1
37,colon_aca/colonca1345.jpeg,0,0,0,0,0,3,0
38,colon_aca/colonca1368.jpeg,0,0,0,0,0,3,0
39,colon_aca/colonca1371.jpeg,0,0,0,0,0,3,0
40,colon_aca/colonca1373.jpeg,0,0,0,0,0,3,0
41,colon_aca/colonca1398.jpeg,0,0,1,0,0,2,1
42,colon_aca/colonca1410.jpeg,0,0,0,0,0,3,0
43,colon_aca/colonca1417.jpeg,0,0,0,0,0,3,0
44,colon_aca/colonca142.jpeg,0,0,1,0,0,2,1
45,colon_aca/colonca1425.jpeg,0,0,0,0,0,3,0
46,colon_aca/colonca143.jpeg,0,0,1,0,0,2,1
47,colon_aca/colonca1430.jpeg,0,0,0,0,0,3,0
48,colon_aca/colonca1432.jpeg,0,0,0,0,0,3,0
49,colon_aca/colonca1445.jpeg,0,0,1,0,0,2,1
50,colon_aca/colonca1448.jpeg,0,0,0,0,0,3,0
51,colon_aca/colonca1467.jpeg,0,0,1,0,0,2,1
52,colon_aca/colonca1470.jpeg,0,0,0,0,0,3,0
53,colon_aca/colonca1487.jpeg,0,0,0,0,0,3,0
54,colon_aca/colonca1496.jpeg,0,0,0,0,0,3,0
55,colon_aca/colonca15.jpeg,0,0,0,0,0,3,0
56,colon_aca/colonca1503.jpeg,0,0,1,0,0,2,1
57,colon_aca/colonca1505.jpeg,0,0,0,0,0,3,0
58,colon_aca/colonca1508.jpeg,0,0,0,0,0,3,0
59,colon_aca/colonca151.jpeg,0,0,1,0,0,2,1
60,colon_aca/colonca1510.jpeg,0,0,0,0,0,3,0
61,colon_aca/colonca1514.jpeg,0,0,0,0,0,3,0
62,colon_aca/colonca1520.jpeg,0,0,1,0,0,2,1
63,colon_aca/colonca1521.jpeg,0,0,1,0,0,2,1
64,colon_aca/colonca1524.jpeg,0,0,0,0,0,3,0
65,colon_aca/colonca1533.jpeg,0,0,0,0,0,3,0
66,colon_aca/colonca1535.jpeg,0,0,0,0,0,3,0
67,colon_aca/colonca1539.jpeg,0,0,1,0,0,2,1
68,colon_aca/colonca1553.jpeg,0,0,0,0,0,3,0
69,colon_aca/colonca1554.jpeg,0,0,0,0,0,3,0
70,colon_aca/colonca158.jpeg,0,0,0,0,0,3,0
71,colon_aca/colonca1587.jpeg,0,0,0,0,0,3,0
72,colon_aca/colonca159.jpeg,0,0,0,0,0,3,0
73,colon_aca/colonca1602.jpeg,0,0,0,0,0,3,0
74,colon_aca/colonca1623.jpeg,0,0,1,0,0,2,1
75,colon_aca/colonca163.jpeg,0,0,1,0,0,2,1
76,colon_aca/colonca164.jpeg,0,0,0,0,0,3,0
77,colon_aca/colonca1669.jpeg,0,0,0,0,0,3,0
78,colon_aca/colonca168.jpeg,0,0,1,0,0,2,1
79,colon_aca/colonca1682.jpeg,0,0,1,0,0,2,1
80,colon_aca/colonca1687.jpeg,0,0,0,0,0,3,0
81,colon_aca/colonca1688.jpeg,0,0,1,0,0,2,1
82,colon_aca/colonca169.jpeg,0,0,0,0,0,3,0
83,colon_aca/colonca1694.jpeg,0,0,0,0,0,3,0
84,colon_aca/colonca1711.jpeg,0,0,0,0,0,3,0
85,colon_aca/colonca1713.jpeg,0,0,0,0,0,3,0
86,colon_aca/colonca1720.jpeg,0,0,0,0,0,3,0
87,colon_aca/colonca1724.jpeg,0,0,0,0,0,3,0
88,colon_aca/colonca1736.jpeg,0,0,0,0,0,3,0
89,colon_aca/colonca1743.jpeg,0,0,0,0,0,3,0
90,colon_aca/colonca1752.jpeg,0,0,0,0,0,3,0
91,colon_aca/colonca1754.jpeg,0,0,0,0,0,3,0
92,colon_aca/colonca1757.jpeg,0,0,0,0,0,3,0
93,colon_aca/colonca1762.jpeg,0,0,0,0,0,3,0
94,colon_aca/colonca1783.jpeg,0,0,0,0,0,3,0
95,colon_aca/colonca1785.jpeg,0,0,0,0,0,3,0
96,colon_aca/colonca1788.jpeg,0,0,0,0,0,3,0
97,colon_aca/colonca1796.jpeg,0,0,0,0,0,3,0
98,colon_aca/colonca1799.jpeg,0,0,1,0,0,2,1
99,colon_aca/colonca1804.jpeg,0,0,0,0,0,3,0
100,colon_aca/colonca1807.jpeg,0,0,0,0,0,3,0
101,colon_aca/colonca182.jpeg,0,0,1,0,0,2,1
102,colon_aca/colonca1820.jpeg,0,0,0,0,0,3,0
103,colon_aca/colonca1823.jpeg,0,0,0,0,0,3,0
104,colon_aca/colonca1843.jpeg,0,0,0,0,0,3,0
105,colon_aca/colonca1849.jpeg,0,0,1,0,0,2,1
106,colon_aca/colonca185.jpeg,0,0,0,0,0,3,0
107,colon_aca/colonca1851.jpeg,0,0,0,0,0,3,0
108,colon_aca/colonca1883.jpeg,0,0,0,0,0,3,0
109,colon_aca/colonca1891.jpeg,0,0,0,0,0,3,0
110,colon_aca/colonca1917.jpeg,0,0,0,0,0,3,0
111,colon_aca/colonca1919.jpeg,0,0,0,0,0,3,0
112,colon_aca/colonca1926.jpeg,0,0,0,0,0,3,0
113,colon_aca/colonca1937.jpeg,0,0,0,0,0,3,0
114,colon_aca/colonca1939.jpeg,0,0,0,0,0,3,0
115,colon_aca/colonca1945.jpeg,0,0,1,0,0,2,1
116,colon_aca/colonca1963.jpeg,0,0,1,0,0,2,1
117,colon_aca/colonca1964.jpeg,0,0,1,0,0,2,1
118,colon_aca/colonca1974.jpeg,0,0,0,0,0,3,0
119,colon_aca/colonca1976.jpeg,0,0,1,0,0,2,1
120,colon_aca/colonca199.jpeg,0,0,0,0,0,3,0
121,colon_aca/colonca2018.jpeg,0,0,0,0,0,3,0
122,colon_aca/colonca2027.jpeg,0,0,0,0,0,3,0
123,colon_aca/colonca2031.jpeg,0,0,0,0,0,3,0
124,colon_aca/colonca2051.jpeg,0,0,0,0,0,3,0
125,colon_aca/colonca2085.jpeg,0,0,0,0,0,3,0
126,colon_aca/colonca2086.jpeg,0,0,0,0,0,3,0
127,colon_aca/colonca2090.jpeg,0,0,0,0,0,3,0
128,colon_aca/colonca2098.jpeg,0,0,1,0,0,2,1
129,colon_aca/colonca2125.jpeg,0,0,0,0,0,3,0
130,colon_aca/colonca2138.jpeg,0,0,0,0,0,3,0
131,colon_aca/colonca214.jpeg,0,0,0,0,0,3,0
132,colon_aca/colonca2144.jpeg,0,0,1,0,0,2,1
133,colon_aca/colonca2159.jpeg,0,0,0,0,0,3,0
134,colon_aca/colonca2161.jpeg,0,0,0,0,0,3,0
135,colon_aca/colonca2164.jpeg,0,0,0,0,0,3,0
136,colon_aca/colonca2172.jpeg,0,0,0,0,0,3,0
137,colon_aca/colonca2175.jpeg,0,0,1,0,0,2,1
138,colon_aca/colonca2178.jpeg,0,0,0,0,0,3,0
139,colon_aca/colonca219.jpeg,0,0,0,0,0,3,0
140,colon_aca/colonca2197.jpeg,0,0,0,0,0,3,0
141,colon_aca/colonca2198.jpeg,0,0,0,0,0,3,0
142,colon_aca/colonca2202.jpeg,0,0,1,0,0,2,1
143,colon_aca/colonca2211.jpeg,0,0,0,0,0,3,0
144,colon_aca/colonca2215.jpeg,0,0,1,0,0,2,1
145,colon_aca/colonca2224.jpeg,0,0,0,0,0,3,0
146,colon_aca/colonca225.jpeg,0,0,0,0,0,3,0
147,colon_aca/colonca226.jpeg,0,0,0,0,0,3,0
148,colon_aca/colonca2281.jpeg,0,0,0,0,0,3,0
149,colon_aca/colonca2295.jpeg,0,0,0,0,0,3,0
150,colon_aca/colonca2303.jpeg,0,0,1,0,0,2,1
151,colon_aca/colonca2314.jpeg,0,0,0,0,0,3,0
152,colon_aca/colonca2315.jpeg,0,0,0,0,0,3,0
153,colon_aca/colonca2320.jpeg,0,0,0,0,0,3,0
154,colon_aca/colonca2351.jpeg,0,0,0,0,0,3,0
155,colon_aca/colonca2369.jpeg,0,0,1,0,0,2,1
156,colon_aca/colonca2399.jpeg,0,0,0,0,0,3,0
157,colon_aca/colonca240.jpeg,0,0,1,0,0,2,1
158,colon_aca/colonca2400.jpeg,0,0,0,0,0,3,0
159,colon_aca/colonca2401.jpeg,0,0,1,0,0,2,1
160,colon_aca/colonca2410.jpeg,0,0,0,0,0,3,0
161,colon_aca/colonca2412.jpeg,0,0,1,0,0,2,1
162,colon_aca/colonca2416.jpeg,0,0,1,0,0,2,1
163,colon_aca/colonca2422.jpeg,0,0,0,0,0,3,0
164,colon_aca/colonca2431.jpeg,0,0,0,0,0,3,0
165,colon_aca/colonca2451.jpeg,0,0,1,0,0,2,1
166,colon_aca/colonca2464.jpeg,0,0,0,0,0,3,0
167,colon_aca/colonca2465.jpeg,0,0,0,0,0,3,0
168,colon_aca/colonca2467.jpeg,0,0,1,0,0,2,1
169,colon_aca/colonca247.jpeg,0,0,0,0,0,3,0
170,colon_aca/colonca2481.jpeg,0,0,1,0,0,2,1
171,colon_aca/colonca25.jpeg,0,0,0,0,0,3,0
172,colon_aca/colonca2504.jpeg,0,0,0,0,0,3,0
173,colon_aca/colonca2543.jpeg,0,0,1,0,0,2,1
174,colon_aca/colonca2547.jpeg,0,0,0,0,0,3,0
175,colon_aca/colonca2548.jpeg,0,0,0,0,0,3,0
176,colon_aca/colonca2551.jpeg,0,0,0,0,0,3,0
177,colon_aca/colonca2554.jpeg,0,0,0,0,0,3,0
178,colon_aca/colonca2560.jpeg,0,0,1,0,0,2,1
179,colon_aca/colonca2566.jpeg,0,0,1,0,0,2,1
180,colon_aca/colonca2570.jpeg,0,0,1,0,0,2,1
181,colon_aca/colonca2574.jpeg,0,0,0,0,0,3,0
182,colon_aca/colonca2575.jpeg,0,0,0,0,0,3,0
183,colon_aca/colonca2579.jpeg,0,0,0,0,0,3,0
184,colon_aca/colonca2586.jpeg,0,0,1,0,0,2,1
185,colon_aca/colonca2603.jpeg,0,0,0,0,0,3,0
186,colon_aca/colonca2610.jpeg,0,0,1,0,0,2,1
187,colon_aca/colonca2611.jpeg,0,0,0,0,0,3,0
188,colon_aca/colonca2615.jpeg,0,0,0,0,0,3,0
189,colon_aca/colonca2618.jpeg,0,0,0,0,0,3,0
190,colon_aca/colonca2622.jpeg,0,0,0,0,0,3,0
191,colon_aca/colonca2623.jpeg,0,0,0,0,0,3,0
192,colon_aca/colonca2639.jpeg,0,0,1,0,0,2,1
193,colon_aca/colonca2642.jpeg,0,0,0,0,0,3,0
194,colon_aca/colonca2644.jpeg,0,0,0,0,0,3,0
195,colon_aca/colonca2655.jpeg,0,0,0,0,0,3,0
196,colon_aca/colonca2677.jpeg,0,0,0,0,0,3,0
197,colon_aca/colonca2679.jpeg,0,0,0,0,0,3,0
198,colon_aca/colonca2687.jpeg,0,0,0,0,0,3,0
199,colon_aca/colonca2688.jpeg,0,0,0,0,0,3,0
200,colon_aca/colonca2696.jpeg,0,0,1,0,0,2,1
201,colon_aca/colonca2713.jpeg,0,0,0,0,0,3,0
202,colon_aca/colonca2715.jpeg,0,0,1,0,0,2,1
203,colon_aca/colonca2730.jpeg,0,0,0,0,0,3,0
204,colon_aca/colonca2732.jpeg,0,0,1,0,0,2,1
205,colon_aca/colonca2741.jpeg,0,0,1,0,0,2,1
206,colon_aca/colonca2744.jpeg,0,0,1,0,0,2,1
207,colon_aca/colonca2753.jpeg,0,0,0,0,0,3,0
208,colon_aca/colonca2759.jpeg,0,0,0,0,0,3,0
209,colon_aca/colonca2764.jpeg,0,0,0,0,0,3,0
210,colon_aca/colonca2775.jpeg,0,0,0,0,0,3,0
211,colon_aca/colonca2790.jpeg,0,0,0,0,0,3,0
212,colon_aca/colonca2798.jpeg,0,0,0,0,0,3,0
213,colon_aca/colonca280.jpeg,0,0,0,0,0,3,0
214,colon_aca/colonca2803.jpeg,0,0,1,0,0,2,1
215,colon_aca/colonca2804.jpeg,0,0,0,0,0,3,0
216,colon_aca/colonca2813.jpeg,0,0,0,0,0,3,0
217,colon_aca/colonca2817.jpeg,0,0,0,0,0,3,0
218,colon_aca/colonca2826.jpeg,0,0,0,0,0,3,0
219,colon_aca/colonca2828.jpeg,0,0,1,0,0,2,1
220,colon_aca/colonca2831.jpeg,0,0,0,0,0,3,0
221,colon_aca/colonca2839.jpeg,0,0,0,0,0,3,0
222,colon_aca/colonca2840.jpeg,0,0,1,0,0,2,1
223,colon_aca/colonca2850.jpeg,0,0,1,0,0,2,1
224,colon_aca/colonca2852.jpeg,0,0,1,0,0,2,1
225,colon_aca/colonca2877.jpeg,0,0,0,0,0,3,0
226,colon_aca/colonca2921.jpeg,0,0,0,0,0,3,0
227,colon_aca/colonca2924.jpeg,0,0,0,0,0,3,0
228,colon_aca/colonca293.jpeg,0,0,0,0,0,3,0
229,colon_aca/colonca2936.jpeg,0,0,0,0,0,3,0
230,colon_aca/colonca2940.jpeg,0,0,1,0,0,2,1
231,colon_aca/colonca2945.jpeg,0,0,0,0,0,3,0
232,colon_aca/colonca2949.jpeg,0,0,0,0,0,3,0
233,colon_aca/colonca2951.jpeg,0,0,0,0,0,3,0
234,colon_aca/colonca2953.jpeg,0,0,0,0,0,3,0
235,colon_aca/colonca2954.jpeg,0,0,1,0,0,2,1
236,colon_aca/colonca2956.jpeg,0,0,0,0,0,3,0
237,colon_aca/colonca2957.jpeg,0,0,0,0,0,3,0
238,colon_aca/colonca2966.jpeg,0,0,0,0,0,3,0
239,colon_aca/colonca2968.jpeg,0,0,0,0,0,3,0
240,colon_aca/colonca2973.jpeg,0,0,0,0,0,3,0
241,colon_aca/colonca299.jpeg,0,0,0,0,0,3,0
242,colon_aca/colonca3006.jpeg,0,0,1,0,0,2,1
243,colon_aca/colonca3026.jpeg,0,0,0,0,0,3,0
244,colon_aca/colonca3038.jpeg,0,0,0,0,0,3,0
245,colon_aca/colonca3047.jpeg,0,0,0,0,0,3,0
246,colon_aca/colonca3048.jpeg,0,0,0,0,0,3,0
247,colon_aca/colonca3049.jpeg,0,0,0,0,0,3,0
248,colon_aca/colonca3051.jpeg,0,0,1,0,0,2,1
249,colon_aca/colonca3052.jpeg,0,0,0,0,0,3,0
250,colon_aca/colonca3056.jpeg,0,0,0,0,0,3,0
251,colon_aca/colonca3076.jpeg,0,0,1,0,0,2,1
252,colon_aca/colonca3090.jpeg,0,0,0,0,0,3,0
253,colon_aca/colonca31.jpeg,0,0,0,0,0,3,0
254,colon_aca/colonca3100.jpeg,0,0,0,0,0,3,0
255,colon_aca/colonca3113.jpeg,0,0,1,0,0,2,1
256,colon_aca/colonca3131.jpeg,0,0,0,0,0,3,0
257,colon_aca/colonca316.jpeg,0,0,1,0,0,2,1
258,colon_aca/colonca3162.jpeg,0,0,0,0,0,3,0
259,colon_aca/colonca3179.jpeg,0,0,0,0,0,3,0
260,colon_aca/colonca3186.jpeg,0,0,1,0,0,2,1
261,colon_aca/colonca3199.jpeg,0,0,0,0,0,3,0
262,colon_aca/colonca3205.jpeg,0,0,0,0,0,3,0
263,colon_aca/colonca321.jpeg,0,0,0,0,0,3,0
264,colon_aca/colonca3212.jpeg,0,0,0,0,0,3,0
265,colon_aca/colonca3217.jpeg,0,0,0,0,0,3,0
266,colon_aca/colonca3229.jpeg,0,0,0,0,0,3,0
267,colon_aca/colonca3239.jpeg,0,0,0,0,0,3,0
268,colon_aca/colonca3249.jpeg,0,0,0,0,0,3,0
269,colon_aca/colonca3266.jpeg,0,0,0,0,0,3,0
270,colon_aca/colonca3271.jpeg,0,0,0,0,0,3,0
271,colon_aca/colonca3279.jpeg,0,0,0,0,0,3,0
272,colon_aca/colonca3287.jpeg,0,0,1,0,0,2,1
273,colon_aca/colonca3297.jpeg,0,0,1,0,0,2,1
274,colon_aca/colonca3310.jpeg,0,0,0,0,0,3,0
275,colon_aca/colonca3312.jpeg,0,0,0,0,0,3,0
276,colon_aca/colonca3314.jpeg,0,0,1,0,0,2,1
277,colon_aca/colonca3318.jpeg,0,0,1,0,0,2,1
278,colon_aca/colonca3324.jpeg,0,0,0,0,0,3,0
279,colon_aca/colonca333.jpeg,0,0,0,0,0,3,0
280,colon_aca/colonca3330.jpeg,0,0,0,0,0,3,0
281,colon_aca/colonca3374.jpeg,0,0,0,0,0,3,0
282,colon_aca/colonca3389.jpeg,0,0,1,0,0,2,1
283,colon_aca/colonca339.jpeg,0,0,0,0,0,3,0
284,colon_aca/colonca3403.jpeg,0,0,0,0,0,3,0
285,colon_aca/colonca3419.jpeg,0,0,0,0,0,3,0
286,colon_aca/colonca3432.jpeg,0,0,0,0,0,3,0
287,colon_aca/colonca3434.jpeg,0,0,1,0,0,2,1
288,colon_aca/colonca344.jpeg,0,0,0,0,0,3,0
289,colon_aca/colonca3448.jpeg,0,0,1,0,0,2,1
290,colon_aca/colonca3458.jpeg,0,0,0,0,0,3,0
291,colon_aca/colonca347.jpeg,0,0,0,0,0,3,0
292,colon_aca/colonca3480.jpeg,0,0,0,0,0,3,0
293,colon_aca/colonca3491.jpeg,0,0,1,0,0,2,1
294,colon_aca/colonca350.jpeg,0,0,0,0,0,3,0
295,colon_aca/colonca3506.jpeg,0,0,0,0,0,3,0
296,colon_aca/colonca3507.jpeg,0,0,0,0,0,3,0
297,colon_aca/colonca3526.jpeg,0,0,1,0,0,2,1
298,colon_aca/colonca3534.jpeg,0,0,0,0,0,3,0
299,colon_aca/colonca3547.jpeg,0,0,0,0,0,3,0
300,colon_aca/colonca3572.jpeg,0,0,1,0,0,2,1
301,colon_aca/colonca3577.jpeg,0,0,0,0,0,3,0
302,colon_aca/colonca3588.jpeg,0,0,0,0,0,3,0
303,colon_aca/colonca3606.jpeg,0,0,0,0,0,3,0
304,colon_aca/colonca3610.jpeg,0,0,1,0,0,2,1
305,colon_aca/colonca3618.jpeg,0,0,0,0,0,3,0
306,colon_aca/colonca3637.jpeg,0,0,0,0,0,3,0
307,colon_aca/colonca3645.jpeg,0,0,1,0,0,2,1
308,colon_aca/colonca3665.jpeg,0,0,0,0,0,3,0
309,colon_aca/colonca3668.jpeg,0,0,0,0,0,3,0
310,colon_aca/colonca3675.jpeg,0,0,0,0,0,3,0
311,colon_aca/colonca3684.jpeg,0,0,0,0,0,3,0
312,colon_aca/colonca3688.jpeg,0,0,0,0,0,3,0
313,colon_aca/colonca3689.jpeg,0,0,0,0,0,3,0
314,colon_aca/colonca3720.jpeg,0,0,1,0,0,2,1
315,colon_aca/colonca3723.jpeg,0,0,1,0,0,2,1
316,colon_aca/colonca3728.jpeg,0,0,0,0,0,3,0
317,colon_aca/colonca3752.jpeg,0,0,0,0,0,3,0
318,colon_aca/colonca3756.jpeg,0,0,0,0,0,3,0
319,colon_aca/colonca379.jpeg,0,0,0,0,0,3,0
320,colon_aca/colonca3793.jpeg,0,0,0,0,0,3,0
321,colon_aca/colonca3794.jpeg,0,0,0,0,0,3,0
322,colon_aca/colonca3797.jpeg,0,0,0,0,0,3,0
323,colon_aca/colonca380.jpeg,0,0,0,0,0,3,0
324,colon_aca/colonca3800.jpeg,0,0,1,0,0,2,1
325,colon_aca/colonca3812.jpeg,0,0,0,0,0,3,0
326,colon_aca/colonca3819.jpeg,0,0,0,0,0,3,0
327,colon_aca/colonca383.jpeg,0,0,0,0,0,3,0
328,colon_aca/colonca3836.jpeg,0,0,0,0,0,3,0
329,colon_aca/colonca3839.jpeg,0,0,0,0,0,3,0
330,colon_aca/colonca3878.jpeg,0,0,0,0,0,3,0
331,colon_aca/colonca3916.jpeg,0,0,0,0,0,3,0
332,colon_aca/colonca3917.jpeg,0,0,0,0,0,3,0
333,colon_aca/colonca3937.jpeg,0,0,1,0,0,2,1
334,colon_aca/colonca3940.jpeg,0,0,0,0,0,3,0
335,colon_aca/colonca3943.jpeg,0,0,0,0,0,3,0
336,colon_aca/colonca3945.jpeg,0,0,0,0,0,3,0
337,colon_aca/colonca3946.jpeg,0,0,1,0,0,2,1
338,colon_aca/colonca3956.jpeg,0,0,1,0,0,2,1
339,colon_aca/colonca3957.jpeg,0,0,1,0,0,2,1
340,colon_aca/colonca3966.jpeg,0,0,0,0,0,3,0
341,colon_aca/colonca3968.jpeg,0,0,0,0,0,3,0
342,colon_aca/colonca3976.jpeg,0,0,0,0,0,3,0
343,colon_aca/colonca3993.jpeg,0,0,1,0,0,2,1
344,colon_aca/colonca3996.jpeg,0,0,0,0,0,3,0
345,colon_aca/colonca40.jpeg,0,0,0,0,0,3,0
346,colon_aca/colonca4009.jpeg,0,0,1,0,0,2,1
347,colon_aca/colonca4029.jpeg,0,0,0,0,0,3,0
348,colon_aca/colonca4033.jpeg,0,0,0,0,0,3,0
349,colon_aca/colonca4038.jpeg,0,0,0,0,0,3,0
350,colon_aca/colonca4054.jpeg,0,0,1,0,0,2,1
351,colon_aca/colonca409.jpeg,0,0,0,0,0,3,0
352,colon_aca/colonca4091.jpeg,0,0,0,0,0,3,0
353,colon_aca/colonca4099.jpeg,0,0,0,0,0,3,0
354,colon_aca/colonca4109.jpeg,0,0,0,0,0,3,0
355,colon_aca/colonca4110.jpeg,0,0,1,0,0,2,1
356,colon_aca/colonca4114.jpeg,0,0,1,0,0,2,1
357,colon_aca/colonca4117.jpeg,0,0,0,0,0,3,0
358,colon_aca/colonca4118.jpeg,0,0,0,0,0,3,0
359,colon_aca/colonca4120.jpeg,0,0,0,0,0,3,0
360,colon_aca/colonca4132.jpeg,0,0,1,0,0,2,1
361,colon_aca/colonca4151.jpeg,0,0,0,0,0,3,0
362,colon_aca/colonca4157.jpeg,0,0,1,0,0,2,1
363,colon_aca/colonca4167.jpeg,0,0,0,0,0,3,0
364,colon_aca/colonca4168.jpeg,0,0,0,0,0,3,0
365,colon_aca/colonca4177.jpeg,0,0,0,0,0,3,0
366,colon_aca/colonca4179.jpeg,0,0,0,0,0,3,0
367,colon_aca/colonca4201.jpeg,0,0,0,0,0,3,0
368,colon_aca/colonca4203.jpeg,0,0,0,0,0,3,0
369,colon_aca/colonca4213.jpeg,0,0,0,0,0,3,0
370,colon_aca/colonca4215.jpeg,0,0,0,0,0,3,0
371,colon_aca/colonca4228.jpeg,0,0,0,0,0,3,0
372,colon_aca/colonca4229.jpeg,0,0,1,0,0,2,1
373,colon_aca/colonca4256.jpeg,0,0,0,0,0,3,0
374,colon_aca/colonca4259.jpeg,0,0,0,0,0,3,0
375,colon_aca/colonca4266.jpeg,0,0,0,0,0,3,0
376,colon_aca/colonca4306.jpeg,0,0,1,0,0,2,1
377,colon_aca/colonca431.jpeg,0,0,1,0,0,2,1
378,colon_aca/colonca4327.jpeg,0,0,0,0,0,3,0
379,colon_aca/colonca4341.jpeg,0,0,1,0,0,2,1
380,colon_aca/colonca4343.jpeg,0,0,0,0,0,3,0
381,colon_aca/colonca4353.jpeg,0,0,1,0,0,2,1
382,colon_aca/colonca4356.jpeg,0,0,0,0,0,3,0
383,colon_aca/colonca437.jpeg,0,0,0,0,0,3,0
384,colon_aca/colonca4378.jpeg,0,0,0,0,0,3,0
385,colon_aca/colonca4381.jpeg,0,0,0,0,0,3,0
386,colon_aca/colonca4386.jpeg,0,0,0,0,0,3,0
387,colon_aca/colonca4392.jpeg,0,1,1,1,1,0,3
388,colon_aca/colonca4406.jpeg,0,0,0,0,0,3,0
389,colon_aca/colonca4409.jpeg,0,0,0,0,0,3,0
390,colon_aca/colonca4427.jpeg,0,0,0,0,0,3,0
391,colon_aca/colonca4441.jpeg,0,0,0,0,0,3,0
392,colon_aca/colonca445.jpeg,0,0,0,0,0,3,0
393,colon_aca/colonca4469.jpeg,0,0,0,0,0,3,0
394,colon_aca/colonca4484.jpeg,0,0,0,0,0,3,0
395,colon_aca/colonca4486.jpeg,0,0,0,0,0,3,0
396,colon_aca/colonca4488.jpeg,0,0,1,0,0,2,1
397,colon_aca/colonca4501.jpeg,0,0,0,0,0,3,0
398,colon_aca/colonca4502.jpeg,0,0,0,0,0,3,0
399,colon_aca/colonca4513.jpeg,0,0,0,0,0,3,0
400,colon_aca/colonca4548.jpeg,0,0,0,0,0,3,0
401,colon_aca/colonca4578.jpeg,0,0,0,0,0,3,0
402,colon_aca/colonca458.jpeg,0,0,0,0,0,3,0
403,colon_aca/colonca4582.jpeg,0,0,1,0,0,2,1
404,colon_aca/colonca4587.jpeg,0,0,0,0,0,3,0
405,colon_aca/colonca4600.jpeg,0,0,1,0,0,2,1
406,colon_aca/colonca4637.jpeg,0,0,1,0,0,2,1
407,colon_aca/colonca4643.jpeg,0,0,0,0,0,3,0
408,colon_aca/colonca468.jpeg,0,0,0,0,0,3,0
409,colon_aca/colonca469.jpeg,0,0,0,0,0,3,0
410,colon_aca/colonca4706.jpeg,0,0,0,0,0,3,0
411,colon_aca/colonca4724.jpeg,0,0,1,0,0,2,1
412,colon_aca/colonca4725.jpeg,0,0,0,0,0,3,0
413,colon_aca/colonca4729.jpeg,0,0,0,0,0,3,0
414,colon_aca/colonca4738.jpeg,0,0,0,0,0,3,0
415,colon_aca/colonca4741.jpeg,0,0,1,0,0,2,1
416,colon_aca/colonca4743.jpeg,0,0,0,0,0,3,0
417,colon_aca/colonca4755.jpeg,0,0,1,0,0,2,1
418,colon_aca/colonca4756.jpeg,0,0,0,0,0,3,0
419,colon_aca/colonca4768.jpeg,0,0,1,0,0,2,1
420,colon_aca/colonca477.jpeg,0,0,0,0,0,3,0
421,colon_aca/colonca479.jpeg,0,0,0,0,0,3,0
422,colon_aca/colonca48.jpeg,0,0,0,0,0,3,0
423,colon_aca/colonca4814.jpeg,0,0,0,0,0,3,0
424,colon_aca/colonca4818.jpeg,0,0,0,0,0,3,0
425,colon_aca/colonca4832.jpeg,0,0,0,0,0,3,0
426,colon_aca/colonca4853.jpeg,0,0,0,0,0,3,0
427,colon_aca/colonca489.jpeg,0,0,1,0,0,2,1
428,colon_aca/colonca49.jpeg,0,0,0,0,0,3,0
429,colon_aca/colonca490.jpeg,0,0,0,0,0,3,0
430,colon_aca/colonca4909.jpeg,0,0,0,0,0,3,0
431,colon_aca/colonca4914.jpeg,0,0,0,0,0,3,0
432,colon_aca/colonca4926.jpeg,0,0,0,0,0,3,0
433,colon_aca/colonca4937.jpeg,0,0,0,0,0,3,0
434,colon_aca/colonca4952.jpeg,0,0,0,0,0,3,0
435,colon_aca/colonca4953.jpeg,0,0,0,0,0,3,0
436,colon_aca/colonca4958.jpeg,0,0,0,0,0,3,0
437,colon_aca/colonca4963.jpeg,0,0,1,0,0,2,1
438,colon_aca/colonca4969.jpeg,0,0,0,0,0,3,0
439,colon_aca/colonca4973.jpeg,0,0,0,0,0,3,0
440,colon_aca/colonca4975.jpeg,0,0,0,0,0,3,0
441,colon_aca/colonca4976.jpeg,0,0,0,0,0,3,0
442,colon_aca/colonca4985.jpeg,0,0,0,0,0,3,0
443,colon_aca/colonca4997.jpeg,0,0,0,0,0,3,0
444,colon_aca/colonca503.jpeg,0,0,0,0,0,3,0
445,colon_aca/colonca516.jpeg,0,0,1,0,0,2,1
446,colon_aca/colonca519.jpeg,0,0,0,0,0,3,0
447,colon_aca/colonca520.jpeg,0,0,0,0,0,3,0
448,colon_aca/colonca538.jpeg,0,0,1,0,0,2,1
449,colon_aca/colonca551.jpeg,0,0,0,0,0,3,0
450,colon_aca/colonca556.jpeg,0,0,1,0,0,2,1
451,colon_aca/colonca566.jpeg,0,0,0,0,0,3,0
452,colon_aca/colonca569.jpeg,0,0,1,0,0,2,1
453,colon_aca/colonca572.jpeg,0,0,1,0,0,2,1
454,colon_aca/colonca578.jpeg,0,0,1,0,0,2,1
455,colon_aca/colonca582.jpeg,0,0,0,0,0,3,0
456,colon_aca/colonca586.jpeg,0,0,1,0,0,2,1
457,colon_aca/colonca588.jpeg,0,0,0,0,0,3,0
458,colon_aca/colonca596.jpeg,0,0,1,0,0,2,1
459,colon_aca/colonca604.jpeg,0,0,0,0,0,3,0
460,colon_aca/colonca626.jpeg,0,0,0,0,0,3,0
461,colon_aca/colonca633.jpeg,0,0,0,0,0,3,0
462,colon_aca/colonca636.jpeg,0,0,0,0,0,3,0
463,colon_aca/colonca637.jpeg,0,0,0,0,0,3,0
464,colon_aca/colonca65.jpeg,0,0,0,0,0,3,0
465,colon_aca/colonca666.jpeg,0,0,0,0,0,3,0
466,colon_aca/colonca680.jpeg,0,0,0,0,0,3,0
467,colon_aca/colonca681.jpeg,0,0,0,0,0,3,0
468,colon_aca/colonca699.jpeg,0,0,0,0,0,3,0
469,colon_aca/colonca708.jpeg,0,0,0,0,0,3,0
470,colon_aca/colonca747.jpeg,0,0,1,0,0,2,1
471,colon_aca/colonca755.jpeg,0,0,0,0,0,3,0
472,colon_aca/colonca756.jpeg,0,0,0,0,0,3,0
473,colon_aca/colonca768.jpeg,0,0,0,0,0,3,0
474,colon_aca/colonca777.jpeg,0,0,0,0,0,3,0
475,colon_aca/colonca800.jpeg,0,0,1,0,0,2,1
476,colon_aca/colonca803.jpeg,0,0,0,0,0,3,0
477,colon_aca/colonca808.jpeg,0,0,0,0,0,3,0
478,colon_aca/colonca818.jpeg,0,0,0,0,0,3,0
479,colon_aca/colonca833.jpeg,0,0,0,0,0,3,0
480,colon_aca/colonca842.jpeg,0,0,0,0,0,3,0
481,colon_aca/colonca843.jpeg,0,0,0,0,0,3,0
482,colon_aca/colonca852.jpeg,0,0,0,0,0,3,0
483,colon_aca/colonca861.jpeg,0,0,0,0,0,3,0
484,colon_aca/colonca863.jpeg,0,0,0,0,0,3,0
485,colon_aca/colonca868.jpeg,0,0,0,0,0,3,0
486,colon_aca/colonca874.jpeg,0,0,1,0,0,2,1
487,colon_aca/colonca884.jpeg,0,0,0,0,0,3,0
488,colon_aca/colonca888.jpeg,0,0,0,0,0,3,0
489,colon_aca/colonca896.jpeg,0,0,0,0,0,3,0
490,colon_aca/colonca918.jpeg,0,0,0,0,0,3,0
491,colon_aca/colonca932.jpeg,0,0,0,0,0,3,0
492,colon_aca/colonca937.jpeg,0,0,0,0,0,3,0
493,colon_aca/colonca95.jpeg,0,0,0,0,0,3,0
494,colon_aca/colonca955.jpeg,0,0,1,0,0,2,1
495,colon_aca/colonca958.jpeg,0,0,0,0,0,3,0
496,colon_aca/colonca960.jpeg,0,0,0,0,0,3,0
497,colon_aca/colonca97.jpeg,0,0,0,0,0,3,0
498,colon_aca/colonca99.jpeg,0,0,0,0,0,3,0
499,colon_aca/colonca994.jpeg,0,0,1,0,0,2,1
500,colon_n/colonn100.jpeg,1,1,1,1,1,0,3
501,colon_n/colonn1006.jpeg,1,1,1,1,1,0,3
502,colon_n/colonn1033.jpeg,1,1,1,1,1,0,3
503,colon_n/colonn1035.jpeg,1,1,1,1,1,0,3
504,colon_n/colonn1037.jpeg,1,1,1,1,1,0,3
505,colon_n/colonn1038.jpeg,1,1,1,1,1,0,3
506,colon_n/colonn104.jpeg,1,1,1,1,1,0,3
507,colon_n/colonn1041.jpeg,1,1,1,1,1,0,3
508,colon_n/colonn1047.jpeg,1,1,1,1,1,0,3
509,colon_n/colonn1050.jpeg,1,1,1,1,1,0,3
510,colon_n/colonn1052.jpeg,1,1,1,1,1,0,3
511,colon_n/colonn1063.jpeg,1,1,1,1,1,0,3
512,colon_n/colonn1076.jpeg,1,1,1,1,1,0,3
513,colon_n/colonn1077.jpeg,1,1,1,1,1,0,3
514,colon_n/colonn1080.jpeg,1,1,1,1,1,0,3
515,colon_n/colonn1110.jpeg,1,1,1,1,1,0,3
516,colon_n/colonn112.jpeg,1,1,1,1,1,0,3
517,colon_n/colonn1122.jpeg,1,1,1,1,1,0,3
518,colon_n/colonn1135.jpeg,1,1,1,1,1,0,3
519,colon_n/colonn1163.jpeg,1,1,1,1,1,0,3
520,colon_n/colonn1173.jpeg,1,1,1,1,1,0,3
521,colon_n/colonn1180.jpeg,1,1,1,1,1,0,3
522,colon_n/colonn1225.jpeg,1,1,1,1,1,0,3
523,colon_n/colonn1228.jpeg,1,1,1,1,1,0,3
524,colon_n/colonn1246.jpeg,1,1,1,1,1,0,3
525,colon_n/colonn1264.jpeg,1,1,1,1,1,0,3
526,colon_n/colonn1269.jpeg,1,1,1,1,1,0,3
527,colon_n/colonn1277.jpeg,1,1,1,1,1,0,3
528,colon_n/colonn1278.jpeg,1,1,1,1,1,0,3
529,colon_n/colonn1286.jpeg,1,1,1,1,1,0,3
530,colon_n/colonn1288.jpeg,1,1,1,1,1,0,3
531,colon_n/colonn1292.jpeg,1,1,1,1,1,0,3
532,colon_n/colonn1293.jpeg,1,1,1,1,1,0,3
533,colon_n/colonn1297.jpeg,1,1,1,1,1,0,3
534,colon_n/colonn1306.jpeg,1,1,1,1,1,0,3
535,colon_n/colonn1313.jpeg,1,1,1,1,1,0,3
536,colon_n/colonn1316.jpeg,1,1,1,1,1,0,3
537,colon_n/colonn1318.jpeg,1,1,1,1,1,0,3
538,colon_n/colonn1321.jpeg,1,1,1,1,1,0,3
539,colon_n/colonn1333.jpeg,1,1,1,1,1,0,3
540,colon_n/colonn1340.jpeg,1,1,1,1,1,0,3
541,colon_n/colonn1373.jpeg,1,1,1,1,1,0,3
542,colon_n/colonn1382.jpeg,1,1,1,1,1,0,3
543,colon_n/colonn1399.jpeg,1,1,1,1,1,0,3
544,colon_n/colonn14.jpeg,1,1,1,1,1,0,3
545,colon_n/colonn1410.jpeg,1,1,1,1,1,0,3
546,colon_n/colonn1421.jpeg,1,1,1,1,1,0,3
547,colon_n/colonn1461.jpeg,1,1,1,1,1,0,3
548,colon_n/colonn1465.jpeg,1,1,1,1,1,0,3
549,colon_n/colonn1470.jpeg,1,1,1,1,1,0,3
550,colon_n/colonn1481.jpeg,1,1,1,1,1,0,3
551,colon_n/colonn1495.jpeg,1,1,1,1,1,0,3
552,colon_n/colonn1500.jpeg,1,1,1,1,1,0,3
553,colon_n/colonn1504.jpeg,1,1,1,1,1,0,3
554,colon_n/colonn1505.jpeg,1,1,1,1,1,0,3
555,colon_n/colonn1512.jpeg,1,1,1,1,1,0,3
556,colon_n/colonn1518.jpeg,1,1,1,1,1,0,3
557,colon_n/colonn153.jpeg,1,1,1,1,1,0,3
558,colon_n/colonn1533.jpeg,1,1,1,1,1,0,3
559,colon_n/colonn1536.jpeg,1,1,1,1,1,0,3
560,colon_n/colonn1538.jpeg,1,1,1,1,1,0,3
561,colon_n/colonn1539.jpeg,1,1,1,1,1,0,3
562,colon_n/colonn1554.jpeg,1,1,1,1,1,0,3
563,colon_n/colonn1562.jpeg,1,1,1,1,1,0,3
564,colon_n/colonn1567.jpeg,1,1,1,1,1,0,3
565,colon_n/colonn1572.jpeg,1,1,1,1,1,0,3
566,colon_n/colonn1589.jpeg,1,1,1,1,1,0,3
567,colon_n/colonn1602.jpeg,1,1,1,1,1,0,3
568,colon_n/colonn1605.jpeg,1,1,1,1,1,0,3
569,colon_n/colonn1616.jpeg,1,1,1,1,1,0,3
570,colon_n/colonn1626.jpeg,1,1,1,1,1,0,3
571,colon_n/colonn1630.jpeg,1,1,1,1,1,0,3
572,colon_n/colonn1636.jpeg,1,1,1,1,1,0,3
573,colon_n/colonn1639.jpeg,1,1,1,1,1,0,3
574,colon_n/colonn1643.jpeg,1,1,1,1,1,0,3
575,colon_n/colonn1649.jpeg,1,1,1,1,1,0,3
576,colon_n/colonn1663.jpeg,1,1,1,1,1,0,3
577,colon_n/colonn1666.jpeg,1,1,1,1,1,0,3
578,colon_n/colonn1670.jpeg,1,1,1,1,1,0,3
579,colon_n/colonn1677.jpeg,1,1,1,1,1,0,3
580,colon_n/colonn1686.jpeg,1,1,1,1,1,0,3
581,colon_n/colonn1706.jpeg,1,1,1,1,1,0,3
582,colon_n/colonn1708.jpeg,1,1,1,1,1,0,3
583,colon_n/colonn1719.jpeg,1,1,1,1,1,0,3
584,colon_n/colonn1722.jpeg,1,1,1,1,1,0,3
585,colon_n/colonn1736.jpeg,1,1,1,1,1,0,3
586,colon_n/colonn1738.jpeg,1,1,1,1,1,0,3
587,colon_n/colonn176.jpeg,1,1,1,1,1,0,3
588,colon_n/colonn1765.jpeg,1,1,1,1,1,0,3
589,colon_n/colonn1781.jpeg,1,1,1,1,1,0,3
590,colon_n/colonn1785.jpeg,1,1,1,1,1,0,3
591,colon_n/colonn18.jpeg,1,1,1,1,1,0,3
592,colon_n/colonn1800.jpeg,1,1,1,1,1,0,3
593,colon_n/colonn1834.jpeg,1,1,1,1,1,0,3
594,colon_n/colonn1843.jpeg,1,1,1,1,1,0,3
595,colon_n/colonn1844.jpeg,1,1,1,1,1,0,3
596,colon_n/colonn1865.jpeg,1,1,1,1,1,0,3
597,colon_n/colonn1868.jpeg,1,1,1,1,1,0,3
598,colon_n/colonn1871.jpeg,1,1,1,1,1,0,3
599,colon_n/colonn1877.jpeg,1,1,1,1,1,0,3
600,colon_n/colonn1907.jpeg,1,1,1,1,1,0,3
601,colon_n/colonn1941.jpeg,1,1,1,1,1,0,3
602,colon_n/colonn1944.jpeg,1,1,1,1,1,0,3
603,colon_n/colonn1958.jpeg,1,1,1,1,1,0,3
604,colon_n/colonn196.jpeg,1,1,1,1,1,0,3
605,colon_n/colonn1974.jpeg,1,1,1,1,1,0,3
606,colon_n/colonn1986.jpeg,1,1,1,1,1,0,3
607,colon_n/colonn199.jpeg,1,1,1,1,1,0,3
608,colon_n/colonn1992.jpeg,1,1,1,1,1,0,3
609,colon_n/colonn2003.jpeg,1,1,1,1,1,0,3
610,colon_n/colonn2016.jpeg,1,1,1,1,1,0,3
611,colon_n/colonn2022.jpeg,1,1,1,1,1,0,3
612,colon_n/colonn203.jpeg,1,1,1,1,1,0,3
613,colon_n/colonn2032.jpeg,1,1,1,1,1,0,3
614,colon_n/colonn2040.jpeg,1,1,1,1,1,0,3
615,colon_n/colonn2048.jpeg,1,1,1,1,1,0,3
616,colon_n/colonn2050.jpeg,1,1,1,1,1,0,3
617,colon_n/colonn2060.jpeg,1,1,1,1,1,0,3
618,colon_n/colonn207.jpeg,1,1,1,1,1,0,3
619,colon_n/colonn2076.jpeg,1,1,1,1,1,0,3
620,colon_n/colonn2081.jpeg,1,1,1,1,1,0,3
621,colon_n/colonn2094.jpeg,1,1,1,1,1,0,3
622,colon_n/colonn2100.jpeg,1,1,1,1,1,0,3
623,colon_n/colonn2105.jpeg,1,1,1,1,1,0,3
624,colon_n/colonn2121.jpeg,1,1,1,1,1,0,3
625,colon_n/colonn2131.jpeg,1,1,1,1,1,0,3
626,colon_n/colonn2139.jpeg,1,1,1,1,1,0,3
627,colon_n/colonn214.jpeg,1,1,1,1,1,0,3
628,colon_n/colonn2150.jpeg,1,1,1,1,1,0,3
629,colon_n/colonn2159.jpeg,1,1,1,1,1,0,3
630,colon_n/colonn2172.jpeg,1,1,1,1,1,0,3
631,colon_n/colonn2173.jpeg,1,1,1,1,1,0,3
632,colon_n/colonn2183.jpeg,1,1,1,1,1,0,3
633,colon_n/colonn2185.jpeg,1,1,1,1,1,0,3
634,colon_n/colonn2186.jpeg,1,1,1,1,1,0,3
635,colon_n/colonn2187.jpeg,1,1,1,1,1,0,3
636,colon_n/colonn2191.jpeg,1,1,1,1,1,0,3
637,colon_n/colonn2219.jpeg,1,1,1,1,1,0,3
638,colon_n/colonn2220.jpeg,1,1,1,1,1,0,3
639,colon_n/colonn2224.jpeg,1,1,1,1,1,0,3
640,colon_n/colonn2232.jpeg,1,1,1,1,1,0,3
641,colon_n/colonn2234.jpeg,1,1,1,1,1,0,3
642,colon_n/colonn2241.jpeg,1,1,1,1,1,0,3
643,colon_n/colonn2248.jpeg,1,1,1,1,1,0,3
644,colon_n/colonn2256.jpeg,1,1,1,1,1,0,3
645,colon_n/colonn2280.jpeg,1,1,1,1,1,0,3
646,colon_n/colonn2290.jpeg,1,1,1,1,1,0,3
647,colon_n/colonn2294.jpeg,1,1,1,1,1,0,3
648,colon_n/colonn2306.jpeg,1,1,1,1,1,0,3
649,colon_n/colonn2310.jpeg,1,1,1,1,1,0,3
650,colon_n/colonn2316.jpeg,1,1,1,1,1,0,3
651,colon_n/colonn2319.jpeg,1,1,1,1,1,0,3
652,colon_n/colonn2325.jpeg,1,1,1,1,1,0,3
653,colon_n/colonn2335.jpeg,1,1,1,1,1,0,3
654,colon_n/colonn2339.jpeg,1,1,1,1,1,0,3
655,colon_n/colonn2354.jpeg,1,1,1,1,1,0,3
656,colon_n/colonn2355.jpeg,1,1,1,1,1,0,3
657,colon_n/colonn2377.jpeg,1,1,1,1,1,0,3
658,colon_n/colonn2392.jpeg,1,1,1,1,1,0,3
659,colon_n/colonn2418.jpeg,1,1,1,1,1,0,3
660,colon_n/colonn2425.jpeg,1,1,1,1,1,0,3
661,colon_n/colonn2430.jpeg,1,1,1,1,1,0,3
662,colon_n/colonn2434.jpeg,1,1,1,1,1,0,3
663,colon_n/colonn2447.jpeg,1,1,1,1,1,0,3
664,colon_n/colonn2454.jpeg,1,1,1,1,1,0,3
665,colon_n/colonn2475.jpeg,1,1,1,1,1,0,3
666,colon_n/colonn2486.jpeg,1,1,1,1,1,0,3
667,colon_n/colonn2490.jpeg,1,1,1,1,1,0,3
668,colon_n/colonn250.jpeg,1,1,1,1,1,0,3
669,colon_n/colonn2512.jpeg,1,0,1,0,0,2,1
670,colon_n/colonn2514.jpeg,1,1,1,1,1,0,3
671,colon_n/colonn2522.jpeg,1,1,1,1,1,0,3
672,colon_n/colonn2547.jpeg,1,1,1,1,1,0,3
673,colon_n/colonn2552.jpeg,1,1,1,1,1,0,3
674,colon_n/colonn2558.jpeg,1,1,1,1,1,0,3
675,colon_n/colonn256.jpeg,1,1,1,1,1,0,3
676,colon_n/colonn2567.jpeg,1,1,1,1,1,0,3
677,colon_n/colonn2570.jpeg,1,1,1,1,1,0,3
678,colon_n/colonn2571.jpeg,1,1,1,1,1,0,3
679,colon_n/colonn258.jpeg,1,1,1,1,1,0,3
680,colon_n/colonn2596.jpeg,1,1,1,1,1,0,3
681,colon_n/colonn2609.jpeg,1,1,1,1,1,0,3
682,colon_n/colonn2611.jpeg,1,1,1,1,1,0,3
683,colon_n/colonn2616.jpeg,1,1,1,1,1,0,3
684,colon_n/colonn262.jpeg,1,1,1,1,1,0,3
685,colon_n/colonn2626.jpeg,1,1,1,1,1,0,3
686,colon_n/colonn263.jpeg,1,1,1,1,1,0,3
687,colon_n/colonn2631.jpeg,1,1,1,1,1,0,3
688,colon_n/colonn2633.jpeg,1,1,1,1,1,0,3
689,colon_n/colonn2641.jpeg,1,1,1,1,1,0,3
690,colon_n/colonn2645.jpeg,1,1,1,1,1,0,3
691,colon_n/colonn2677.jpeg,1,1,1,1,1,0,3
692,colon_n/colonn2690.jpeg,1,1,1,1,1,0,3
693,colon_n/colonn2693.jpeg,1,1,1,1,1,0,3
694,colon_n/colonn2695.jpeg,1,1,1,1,1,0,3
695,colon_n/colonn2697.jpeg,1,1,1,1,1,0,3
696,colon_n/colonn2706.jpeg,1,1,1,1,1,0,3
697,colon_n/colonn2707.jpeg,1,1,1,1,1,0,3
698,colon_n/colonn2712.jpeg,1,1,1,1,1,0,3
699,colon_n/colonn2724.jpeg,1,1,1,1,1,0,3
700,colon_n/colonn2728.jpeg,1,1,1,1,1,0,3
701,colon_n/colonn276.jpeg,1,1,1,1,1,0,3
702,colon_n/colonn2762.jpeg,1,1,1,1,1,0,3
703,colon_n/colonn2770.jpeg,1,1,1,1,1,0,3
704,colon_n/colonn2796.jpeg,1,1,1,1,1,0,3
705,colon_n/colonn2797.jpeg,1,1,1,1,1,0,3
706,colon_n/colonn2813.jpeg,1,1,1,1,1,0,3
707,colon_n/colonn2847.jpeg,1,1,1,1,1,0,3
708,colon_n/colonn2853.jpeg,1,1,1,1,1,0,3
709,colon_n/colonn2856.jpeg,1,1,1,1,1,0,3
710,colon_n/colonn2862.jpeg,1,1,1,1,1,0,3
711,colon_n/colonn2869.jpeg,1,1,1,1,1,0,3
712,colon_n/colonn287.jpeg,1,1,1,1,1,0,3
713,colon_n/colonn2876.jpeg,1,1,1,1,1,0,3
714,colon_n/colonn288.jpeg,1,1,1,1,1,0,3
715,colon_n/colonn2890.jpeg,1,1,1,1,1,0,3
716,colon_n/colonn29.jpeg,1,1,1,1,1,0,3
717,colon_n/colonn2902.jpeg,1,1,1,1,1,0,3
718,colon_n/colonn2905.jpeg,1,1,1,1,1,0,3
719,colon_n/colonn292.jpeg,1,1,1,1,1,0,3
720,colon_n/colonn2925.jpeg,1,1,1,1,1,0,3
721,colon_n/colonn2939.jpeg,1,1,1,1,1,0,3
722,colon_n/colonn294.jpeg,1,1,1,1,1,0,3
723,colon_n/colonn2940.jpeg,1,1,1,1,1,0,3
724,colon_n/colonn2948.jpeg,1,1,1,1,1,0,3
725,colon_n/colonn2949.jpeg,1,1,1,1,1,0,3
726,colon_n/colonn3014.jpeg,1,1,1,1,1,0,3
727,colon_n/colonn303.jpeg,1,1,1,1,1,0,3
728,colon_n/colonn3032.jpeg,1,1,1,1,1,0,3
729,colon_n/colonn3038.jpeg,1,1,1,1,1,0,3
730,colon_n/colonn3067.jpeg,1,1,1,1,1,0,3
731,colon_n/colonn3069.jpeg,1,1,1,1,1,0,3
732,colon_n/colonn3074.jpeg,1,1,1,1,1,0,3
733,colon_n/colonn3083.jpeg,1,1,1,1,1,0,3
734,colon_n/colonn3087.jpeg,1,1,1,1,1,0,3
735,colon_n/colonn3089.jpeg,1,1,1,1,1,0,3
736,colon_n/colonn3096.jpeg,1,1,1,1,1,0,3
737,colon_n/colonn310.jpeg,1,1,1,1,1,0,3
738,colon_n/colonn3106.jpeg,1,1,1,1,1,0,3
739,colon_n/colonn311.jpeg,1,1,1,1,1,0,3
740,colon_n/colonn3135.jpeg,1,1,1,1,1,0,3
741,colon_n/colonn3141.jpeg,1,1,1,1,1,0,3
742,colon_n/colonn3143.jpeg,1,1,1,1,1,0,3
743,colon_n/colonn3162.jpeg,1,1,1,1,1,0,3
744,colon_n/colonn3173.jpeg,1,1,1,1,1,0,3
745,colon_n/colonn3184.jpeg,1,1,1,1,1,0,3
746,colon_n/colonn3196.jpeg,1,1,1,1,1,0,3
747,colon_n/colonn3219.jpeg,1,1,1,1,1,0,3
748,colon_n/colonn322.jpeg,1,1,1,1,1,0,3
749,colon_n/colonn3245.jpeg,1,1,1,1,1,0,3
750,colon_n/colonn3250.jpeg,1,1,1,1,1,0,3
751,colon_n/colonn3252.jpeg,1,1,1,1,1,0,3
752,colon_n/colonn326.jpeg,1,1,1,1,1,0,3
753,colon_n/colonn3307.jpeg,1,1,1,1,1,0,3
754,colon_n/colonn3327.jpeg,1,1,1,1,1,0,3
755,colon_n/colonn3330.jpeg,1,1,1,1,1,0,3
756,colon_n/colonn3341.jpeg,1,1,1,1,1,0,3
757,colon_n/colonn3360.jpeg,1,1,1,1,1,0,3
758,colon_n/colonn3365.jpeg,1,1,1,1,1,0,3
759,colon_n/colonn3377.jpeg,1,1,1,1,1,0,3
760,colon_n/colonn3388.jpeg,1,1,1,1,1,0,3
761,colon_n/colonn3419.jpeg,1,1,1,1,1,0,3
762,colon_n/colonn3433.jpeg,1,1,1,1,1,0,3
763,colon_n/colonn3435.jpeg,1,1,1,1,1,0,3
764,colon_n/colonn3438.jpeg,1,1,1,1,1,0,3
765,colon_n/colonn344.jpeg,1,1,1,1,1,0,3
766,colon_n/colonn3443.jpeg,1,1,1,1,1,0,3
767,colon_n/colonn3444.jpeg,1,1,1,1,1,0,3
768,colon_n/colonn3445.jpeg,1,1,1,1,1,0,3
769,colon_n/colonn3494.jpeg,1,1,1,1,1,0,3
770,colon_n/colonn3525.jpeg,1,1,1,1,1,0,3
771,colon_n/colonn3533.jpeg,1,1,1,1,1,0,3
772,colon_n/colonn3537.jpeg,1,1,1,1,1,0,3
773,colon_n/colonn3542.jpeg,1,1,1,1,1,0,3
774,colon_n/colonn355.jpeg,1,1,1,1,1,0,3
775,colon_n/colonn3575.jpeg,1,1,1,1,1,0,3
776,colon_n/colonn3583.jpeg,1,1,1,1,1,0,3
777,colon_n/colonn360.jpeg,1,1,1,1,1,0,3
778,colon_n/colonn3601.jpeg,1,1,1,1,1,0,3
779,colon_n/colonn3631.jpeg,1,1,1,1,1,0,3
780,colon_n/colonn3636.jpeg,1,1,1,1,1,0,3
781,colon_n/colonn3639.jpeg,1,1,1,1,1,0,3
782,colon_n/colonn3643.jpeg,1,1,1,1,1,0,3
783,colon_n/colonn3644.jpeg,1,1,1,1,1,0,3
784,colon_n/colonn3649.jpeg,1,1,1,1,1,0,3
785,colon_n/colonn3650.jpeg,1,1,1,1,1,0,3
786,colon_n/colonn3659.jpeg,1,1,1,1,1,0,3
787,colon_n/colonn3662.jpeg,1,1,1,1,1,0,3
788,colon_n/colonn367.jpeg,1,1,1,1,1,0,3
789,colon_n/colonn3681.jpeg,1,1,1,1,1,0,3
790,colon_n/colonn3686.jpeg,1,1,1,1,1,0,3
791,colon_n/colonn3692.jpeg,1,1,1,1,1,0,3
792,colon_n/colonn3695.jpeg,1,1,1,1,1,0,3
793,colon_n/colonn3696.jpeg,1,1,1,1,1,0,3
794,colon_n/colonn3722.jpeg,1,1,1,1,1,0,3
795,colon_n/colonn3728.jpeg,1,1,1,1,1,0,3
796,colon_n/colonn373.jpeg,1,1,1,1,1,0,3
797,colon_n/colonn3732.jpeg,1,1,1,1,1,0,3
798,colon_n/colonn375.jpeg,1,1,1,1,1,0,3
799,colon_n/colonn3763.jpeg,1,1,1,1,1,0,3
800,colon_n/colonn3764.jpeg,1,1,1,1,1,0,3
801,colon_n/colonn3773.jpeg,1,1,1,1,1,0,3
802,colon_n/colonn3776.jpeg,1,1,1,1,1,0,3
803,colon_n/colonn3788.jpeg,1,1,1,1,1,0,3
804,colon_n/colonn379.jpeg,1,1,1,1,1,0,3
805,colon_n/colonn381.jpeg,1,1,1,1,1,0,3
806,colon_n/colonn3810.jpeg,1,1,1,1,1,0,3
807,colon_n/colonn3832.jpeg,1,1,1,1,1,0,3
808,colon_n/colonn3840.jpeg,1,1,1,1,1,0,3
809,colon_n/colonn3844.jpeg,1,1,1,1,1,0,3
810,colon_n/colonn386.jpeg,1,1,1,1,1,0,3
811,colon_n/colonn3860.jpeg,1,1,1,1,1,0,3
812,colon_n/colonn3868.jpeg,1,1,1,1,1,0,3
813,colon_n/colonn3870.jpeg,1,1,1,1,1,0,3
814,colon_n/colonn3882.jpeg,1,1,1,1,1,0,3
815,colon_n/colonn3893.jpeg,1,1,1,1,1,0,3
816,colon_n/colonn3904.jpeg,1,1,1,1,1,0,3
817,colon_n/colonn3911.jpeg,1,1,1,1,1,0,3
818,colon_n/colonn3912.jpeg,1,1,1,1,1,0,3
819,colon_n/colonn3924.jpeg,1,1,1,1,1,0,3
820,colon_n/colonn3929.jpeg,1,1,1,1,1,0,3
821,colon_n/colonn3934.jpeg,1,1,1,1,1,0,3
822,colon_n/colonn3944.jpeg,1,1,1,1,1,0,3
823,colon_n/colonn3952.jpeg,1,1,1,1,1,0,3
824,colon_n/colonn3953.jpeg,1,1,1,1,1,0,3
825,colon_n/colonn3973.jpeg,1,1,1,1,1,0,3
826,colon_n/colonn3981.jpeg,1,1,1,1,1,0,3
827,colon_n/colonn3986.jpeg,1,1,1,1,1,0,3
828,colon_n/colonn3989.jpeg,1,1,1,1,1,0,3
829,colon_n/colonn3991.jpeg,1,1,1,1,1,0,3
830,colon_n/colonn4003.jpeg,1,1,1,1,1,0,3
831,colon_n/colonn4010.jpeg,1,1,1,1,1,0,3
832,colon_n/colonn4012.jpeg,1,1,1,1,1,0,3
833,colon_n/colonn4027.jpeg,1,1,1,1,1,0,3
834,colon_n/colonn4028.jpeg,1,1,1,1,1,0,3
835,colon_n/colonn4040.jpeg,1,1,1,1,1,0,3
836,colon_n/colonn4045.jpeg,1,1,1,1,1,0,3
837,colon_n/colonn4055.jpeg,1,1,1,1,1,0,3
838,colon_n/colonn4065.jpeg,1,1,1,1,1,0,3
839,colon_n/colonn4093.jpeg,1,1,1,1,1,0,3
840,colon_n/colonn410.jpeg,1,1,1,1,1,0,3
841,colon_n/colonn4120.jpeg,1,1,1,1,1,0,3
842,colon_n/colonn4126.jpeg,1,1,1,1,1,0,3
843,colon_n/colonn4135.jpeg,1,1,1,1,1,0,3
844,colon_n/colonn414.jpeg,1,1,1,1,1,0,3
845,colon_n/colonn4156.jpeg,1,1,1,1,1,0,3
846,colon_n/colonn4161.jpeg,1,1,1,1,1,0,3
847,colon_n/colonn418.jpeg,1,1,1,1,1,0,3
848,colon_n/colonn4191.jpeg,1,1,1,1,1,0,3
849,colon_n/colonn4207.jpeg,1,1,1,1,1,0,3
850,colon_n/colonn4208.jpeg,1,1,1,1,1,0,3
851,colon_n/colonn4213.jpeg,1,1,1,1,1,0,3
852,colon_n/colonn4225.jpeg,1,1,1,1,1,0,3
853,colon_n/colonn4235.jpeg,1,1,1,1,1,0,3
854,colon_n/colonn4241.jpeg,1,1,1,1,1,0,3
855,colon_n/colonn4282.jpeg,1,1,1,1,1,0,3
856,colon_n/colonn4284.jpeg,1,1,1,1,1,0,3
857,colon_n/colonn4289.jpeg,1,1,1,1,1,0,3
858,colon_n/colonn4291.jpeg,1,1,1,1,1,0,3
859,colon_n/colonn431.jpeg,1,1,1,1,1,0,3
860,colon_n/colonn4320.jpeg,1,1,1,1,1,0,3
861,colon_n/colonn4324.jpeg,1,1,1,1,1,0,3
862,colon_n/colonn4341.jpeg,1,1,1,1,1,0,3
863,colon_n/colonn4350.jpeg,1,1,1,1,1,0,3
864,colon_n/colonn4384.jpeg,1,1,1,1,1,0,3
865,colon_n/colonn44.jpeg,1,1,1,1,1,0,3
866,colon_n/colonn4410.jpeg,1,1,1,1,1,0,3
867,colon_n/colonn4424.jpeg,1,1,1,1,1,0,3
868,colon_n/colonn4437.jpeg,1,1,1,1,1,0,3
869,colon_n/colonn4461.jpeg,1,1,1,1,1,0,3
870,colon_n/colonn4474.jpeg,1,1,1,1,1,0,3
871,colon_n/colonn4476.jpeg,1,1,1,1,1,0,3
872,colon_n/colonn448.jpeg,1,1,1,1,1,0,3
873,colon_n/colonn4493.jpeg,1,1,1,1,1,0,3
874,colon_n/colonn450.jpeg,1,1,1,1,1,0,3
875,colon_n/colonn4507.jpeg,1,1,1,1,1,0,3
876,colon_n/colonn4516.jpeg,1,1,1,1,1,0,3
877,colon_n/colonn4529.jpeg,1,1,1,1,1,0,3
878,colon_n/colonn4530.jpeg,1,1,1,1,1,0,3
879,colon_n/colonn4537.jpeg,1,1,1,1,1,0,3
880,colon_n/colonn4549.jpeg,1,1,1,1,1,0,3
881,colon_n/colonn455.jpeg,1,1,1,1,1,0,3
882,colon_n/colonn4553.jpeg,1,1,1,1,1,0,3
883,colon_n/colonn4554.jpeg,1,1,1,1,1,0,3
884,colon_n/colonn4556.jpeg,1,1,1,1,1,0,3
885,colon_n/colonn4563.jpeg,1,1,1,1,1,0,3
886,colon_n/colonn4565.jpeg,1,1,1,1,1,0,3
887,colon_n/colonn4581.jpeg,1,1,1,1,1,0,3
888,colon_n/colonn4588.jpeg,1,1,1,1,1,0,3
889,colon_n/colonn4589.jpeg,1,1,1,1,1,0,3
890,colon_n/colonn459.jpeg,1,1,1,1,1,0,3
891,colon_n/colonn4591.jpeg,1,1,1,1,1,0,3
892,colon_n/colonn4594.jpeg,1,1,1,1,1,0,3
893,colon_n/colonn4615.jpeg,1,1,1,1,1,0,3
894,colon_n/colonn4643.jpeg,1,1,1,1,1,0,3
895,colon_n/colonn4694.jpeg,1,1,1,1,1,0,3
896,colon_n/colonn47.jpeg,1,1,1,1,1,0,3
897,colon_n/colonn4700.jpeg,1,1,1,1,1,0,3
898,colon_n/colonn4706.jpeg,1,1,1,1,1,0,3
899,colon_n/colonn471.jpeg,1,1,1,1,1,0,3
900,colon_n/colonn4717.jpeg,1,1,1,1,1,0,3
901,colon_n/colonn4723.jpeg,1,1,1,1,1,0,3
902,colon_n/colonn4738.jpeg,1,1,1,1,1,0,3
903,colon_n/colonn4747.jpeg,1,1,1,1,1,0,3
904,colon_n/colonn475.jpeg,1,1,1,1,1,0,3
905,colon_n/colonn4762.jpeg,1,1,1,1,1,0,3
906,colon_n/colonn4763.jpeg,1,1,1,1,1,0,3
907,colon_n/colonn4765.jpeg,1,1,1,1,1,0,3
908,colon_n/colonn4778.jpeg,1,1,1,1,1,0,3
909,colon_n/colonn4779.jpeg,1,1,1,1,1,0,3
910,colon_n/colonn4788.jpeg,1,1,1,1,1,0,3
911,colon_n/colonn479.jpeg,1,1,1,1,1,0,3
912,colon_n/colonn4791.jpeg,1,1,1,1,1,0,3
913,colon_n/colonn4793.jpeg,1,1,1,1,1,0,3
914,colon_n/colonn4801.jpeg,1,1,1,1,1,0,3
915,colon_n/colonn4806.jpeg,1,1,1,1,1,0,3
916,colon_n/colonn4808.jpeg,1,1,1,1,1,0,3
917,colon_n/colonn481.jpeg,1,1,1,1,1,0,3
918,colon_n/colonn4816.jpeg,1,1,1,1,1,0,3
919,colon_n/colonn4817.jpeg,1,1,1,1,1,0,3
920,colon_n/colonn4819.jpeg,1,1,1,1,1,0,3
921,colon_n/colonn4830.jpeg,1,1,1,1,1,0,3
922,colon_n/colonn4837.jpeg,1,1,1,1,1,0,3
923,colon_n/colonn4840.jpeg,1,1,1,1,1,0,3
924,colon_n/colonn4843.jpeg,1,1,1,1,1,0,3
925,colon_n/colonn4848.jpeg,1,1,1,1,1,0,3
926,colon_n/colonn4851.jpeg,1,1,1,1,1,0,3
927,colon_n/colonn4853.jpeg,1,1,1,1,1,0,3
928,colon_n/colonn4873.jpeg,1,1,1,1,1,0,3
929,colon_n/colonn4905.jpeg,1,1,1,1,1,0,3
930,colon_n/colonn491.jpeg,1,1,1,1,1,0,3
931,colon_n/colonn4917.jpeg,1,1,1,1,1,0,3
932,colon_n/colonn4930.jpeg,1,1,1,1,1,0,3
933,colon_n/colonn4932.jpeg,1,1,1,1,1,0,3
934,colon_n/colonn4942.jpeg,1,1,1,1,1,0,3
935,colon_n/colonn4951.jpeg,1,1,1,1,1,0,3
936,colon_n/colonn4959.jpeg,1,1,1,1,1,0,3
937,colon_n/colonn496.jpeg,1,1,1,1,1,0,3
938,colon_n/colonn4964.jpeg,1,1,1,1,1,0,3
939,colon_n/colonn4966.jpeg,1,1,1,1,1,0,3
940,colon_n/colonn4970.jpeg,1,1,1,1,1,0,3
941,colon_n/colonn4975.jpeg,1,1,1,1,1,0,3
942,colon_n/colonn4979.jpeg,1,1,1,1,1,0,3
943,colon_n/colonn4982.jpeg,1,1,1,1,1,0,3
944,colon_n/colonn501.jpeg,1,1,1,1,1,0,3
945,colon_n/colonn505.jpeg,1,1,1,1,1,0,3
946,colon_n/colonn507.jpeg,1,1,1,1,1,0,3
947,colon_n/colonn511.jpeg,1,1,1,1,1,0,3
948,colon_n/colonn521.jpeg,1,1,1,1,1,0,3
949,colon_n/colonn535.jpeg,1,1,1,1,1,0,3
950,colon_n/colonn545.jpeg,1,1,1,1,1,0,3
951,colon_n/colonn550.jpeg,1,1,1,1,1,0,3
952,colon_n/colonn554.jpeg,1,1,1,1,1,0,3
953,colon_n/colonn558.jpeg,1,1,1,1,1,0,3
954,colon_n/colonn565.jpeg,1,1,1,1,1,0,3
955,colon_n/colonn566.jpeg,1,1,1,1,1,0,3
956,colon_n/colonn569.jpeg,1,1,1,1,1,0,3
957,colon_n/colonn58.jpeg,1,1,1,1,1,0,3
958,colon_n/colonn59.jpeg,1,1,1,1,1,0,3
959,colon_n/colonn591.jpeg,1,1,1,1,1,0,3
960,colon_n/colonn609.jpeg,1,1,1,1,1,0,3
961,colon_n/colonn612.jpeg,1,1,1,1,1,0,3
962,colon_n/colonn632.jpeg,1,1,1,1,1,0,3
963,colon_n/colonn637.jpeg,1,1,1,1,1,0,3
964,colon_n/colonn654.jpeg,1,1,1,1,1,0,3
965,colon_n/colonn669.jpeg,1,1,1,1,1,0,3
966,colon_n/colonn670.jpeg,1,1,1,1,1,0,3
967,colon_n/colonn674.jpeg,1,1,1,1,1,0,3
968,colon_n/colonn675.jpeg,1,1,1,1,1,0,3
969,colon_n/colonn678.jpeg,1,1,1,1,1,0,3
970,colon_n/colonn681.jpeg,1,1,1,1,1,0,3
971,colon_n/colonn693.jpeg,1,1,1,1,1,0,3
972,colon_n/colonn701.jpeg,1,1,1,1,1,0,3
973,colon_n/colonn716.jpeg,1,1,1,1,1,0,3
974,colon_n/colonn717.jpeg,1,1,1,1,1,0,3
975,colon_n/colonn720.jpeg,1,1,1,1,1,0,3
976,colon_n/colonn729.jpeg,1,1,1,1,1,0,3
977,colon_n/colonn737.jpeg,1,1,1,1,1,0,3
978,colon_n/colonn738.jpeg,1,1,1,1,1,0,3
979,colon_n/colonn767.jpeg,1,1,1,1,1,0,3
980,colon_n/colonn78.jpeg,1,1,1,1,1,0,3
981,colon_n/colonn782.jpeg,1,1,1,1,1,0,3
982,colon_n/colonn789.jpeg,1,1,1,1,1,0,3
983,colon_n/colonn799.jpeg,1,1,1,1,1,0,3
984,colon_n/colonn804.jpeg,1,1,1,1,1,0,3
985,colon_n/colonn805.jpeg,1,1,1,1,1,0,3
986,colon_n/colonn816.jpeg,1,1,1,1,1,0,3
987,colon_n/colonn9.jpeg,1,1,1,1,1,0,3
988,colon_n/colonn901.jpeg,1,1,1,1,1,0,3
989,colon_n/colonn904.jpeg,1,1,1,1,1,0,3
990,colon_n/colonn93.jpeg,1,1,1,1,1,0,3
991,colon_n/colonn951.jpeg,1,1,1,1,1,0,3
992,colon_n/colonn952.jpeg,1,1,1,1,1,0,3
993,colon_n/colonn954.jpeg,1,1,1,1,1,0,3
994,colon_n/colonn957.jpeg,1,1,1,1,1,0,3
995,colon_n/colonn98.jpeg,1,1,1,1,1,0,3
996,colon_n/colonn981.jpeg,1,1,1,1,1,0,3
997,colon_n/colonn985.jpeg,1,1,1,1,1,0,3
998,colon_n/colonn990.jpeg,1,1,1,1,1,0,3
999,colon_n/colonn998.jpeg,1,1,1,1,1,0,3
